{"train_loss": [0.6346471436255801, 0.6017915928487642, 0.5707604597512921, 0.5529050338768234, 0.5253711773047497, 0.5149401946451261, 0.5042901989380733, 0.49514960907843997, 0.4867905956729186, 0.48347876527392897, 0.4714169372224312, 0.4725785351524265, 0.4669845718266919, 0.45745902384368675, 0.4493741941089674, 0.4453197755621873, 0.4413019100282228, 0.43552881804921617, 0.4234898507296924, 0.41890455957282824, 0.4132963902861304, 0.40702034162071493, 0.40956702002794665, 0.40576382394752486, 0.4012682997019945, 0.3924143314820246, 0.3919616850259993, 0.37608788387506636, 0.37457904663394165, 0.38426942497824373, 0.36926372181273004, 0.3672807359865144, 0.36859843219161353, 0.3594440961168472, 0.3660681506517806, 0.3565191189318081, 0.35476790418437737, 0.34410184922242176, 0.34389329898031734, 0.3507474657089355, 0.336172692646839, 0.3375955642920909, 0.32507430212504135, 0.3302719842795915, 0.32971568809834384, 0.32542251226488283, 0.32609135543167156, 0.31700112951310977, 0.3187475319021525, 0.308979802621975], "val_loss": [0.6034397436364349, 0.5399682202146727, 0.5016420072771509, 0.49980881048424897, 0.4538305289274909, 0.5068727131648983, 0.44329923279082295, 0.4489869124151666, 0.43306763904511664, 0.4190958621523305, 0.42896633442207305, 0.5757278004569323, 0.3958704682209032, 0.4647534887352332, 0.39217189721462437, 0.38439347706568083, 0.3672420346950736, 0.3742737400157569, 0.39626954927572755, 0.36137042393064284, 0.37586200771844974, 0.3830434415105212, 0.3568628336816625, 0.36504158102343437, 0.36658721285550583, 0.35399277210235597, 0.3273215969047204, 0.33373175410411815, 0.3518532257176301, 0.3376918603219259, 0.3423202030861859, 0.3324530643465273, 0.33074925699576135, 0.3452907792121306, 0.3098913995139802, 0.30510218595175465, 0.30284292473386754, 0.31482507883165983, 0.3937725708623638, 0.3350471022417727, 0.2881956624075971, 0.3094960672705697, 0.2784257044706644, 0.3107088540434303, 0.30796456032269737, 0.3185283091570764, 0.28705841008857763, 0.31303557772272905, 0.30355896869582444, 0.2934422919033889], "train_acc": [0.5896498653328203, 0.6542901115813774, 0.6868026163909196, 0.7054636398614852, 0.7289342054636399, 0.7395151981531358, 0.7433628318584071, 0.7597152751058099, 0.765871489034244, 0.7602924201616006, 0.7689495959984609, 0.7641400538668719, 0.7683724509426703, 0.7849172758753367, 0.7816467872258561, 0.7853020392458638, 0.7912658714890343, 0.7918430165448249, 0.7987687572143132, 0.8047325894574836, 0.8101192766448634, 0.8156983455175068, 0.805886879569065, 0.8118507118122354, 0.8160831088880338, 0.8172373989996152, 0.8247402847248941, 0.8293574451712197, 0.8326279338207002, 0.8230088495575221, 0.8339746056175452, 0.8374374759522893, 0.8339746056175452, 0.8362831858407079, 0.8353212774143901, 0.8453251250480954, 0.8410927279722971, 0.8474413235859947, 0.842439399769142, 0.8407079646017699, 0.8407079646017699, 0.8487879953828396, 0.8545594459407464, 0.856483262793382, 0.8468641785302039, 0.8510965756060023, 0.8530203924586379, 0.8582146979607541, 0.85475182762601, 0.8605232781839169], "val_acc": [0.6582959641255606, 0.7210762331838565, 0.7399103139013453, 0.7668161434977578, 0.7766816143497758, 0.7497757847533633, 0.7991031390134529, 0.8035874439461883, 0.7910313901345292, 0.8116591928251121, 0.7928251121076233, 0.7031390134529149, 0.8134529147982063, 0.7793721973094171, 0.810762331838565, 0.8224215246636771, 0.8493273542600897, 0.841255605381166, 0.8170403587443946, 0.842152466367713, 0.8295964125560538, 0.8358744394618834, 0.8394618834080717, 0.841255605381166, 0.8484304932735426, 0.8403587443946189, 0.8547085201793722, 0.8600896860986547, 0.842152466367713, 0.8645739910313901, 0.8385650224215246, 0.8547085201793722, 0.8645739910313901, 0.8466367713004485, 0.8663677130044843, 0.8690582959641255, 0.873542600896861, 0.8573991031390135, 0.8215246636771301, 0.8484304932735426, 0.8834080717488789, 0.8681614349775785, 0.8834080717488789, 0.8681614349775785, 0.874439461883408, 0.8582959641255605, 0.8816143497757848, 0.852017937219731, 0.8672645739910314, 0.8825112107623319], "train_auc": [0.6194899515908183, 0.695857951217058, 0.7386222400716853, 0.7610523666112015, 0.7921021965621216, 0.8036577772746386, 0.8136149175989716, 0.8195478425509638, 0.8276554221038647, 0.8299946451610585, 0.8389777768194173, 0.8382647716286976, 0.842959464947368, 0.8510159069863277, 0.8557891409376838, 0.8593853884773929, 0.8635994790113075, 0.8659875934251683, 0.8731483428151119, 0.8769647137676863, 0.8799488834501933, 0.8847035491680832, 0.8817157107620284, 0.8843768830285147, 0.8881028087148506, 0.8921770385224956, 0.894245000652883, 0.9024159967128236, 0.9024910183657798, 0.8966318422442883, 0.9057210673978957, 0.907401193038949, 0.9064771988082788, 0.9108155767113622, 0.9069083112610945, 0.9122812692046447, 0.9126238830608595, 0.9181417181485914, 0.9189482383538243, 0.9150751893660325, 0.9214359324068383, 0.921384046173806, 0.9276590608786488, 0.9247898944485773, 0.9254105077034209, 0.9275601550866777, 0.9264400713259756, 0.9317323922233842, 0.9296308126057939, 0.9345668929595248], "val_auc": [0.7206231734067551, 0.796049676827244, 0.8154693327605397, 0.8369100388588389, 0.8606386648701776, 0.8473016864866272, 0.8666725247830871, 0.8691589697525923, 0.87435967533017, 0.8756972785794719, 0.8863915955556423, 0.8159119460011847, 0.8960379605944035, 0.8813373428885722, 0.9022963816367578, 0.8997578645212942, 0.9125025222445697, 0.9088672355548613, 0.9119329831481516, 0.9136155643644268, 0.9027357403682802, 0.9034842774664298, 0.9187804703416584, 0.919171011436345, 0.918601472339927, 0.9208080295249067, 0.9285537612361927, 0.9286318694551301, 0.9197275324962735, 0.923235893330209, 0.9360098416355861, 0.9270436690034043, 0.9323550278911432, 0.9287425227652912, 0.9349651442072993, 0.9382456894026674, 0.9393977856319932, 0.9380471643462016, 0.9369894488814252, 0.9399933608013902, 0.9444097296804723, 0.9400356694199814, 0.947452695709906, 0.9402374489855695, 0.9461378740244609, 0.9457082788203055, 0.9477130564396972, 0.9390495531558976, 0.949961922243268, 0.9468375934857747]}