{"train_loss": [0.6418413149567179, 0.6194837304653802, 0.6116915068505268, 0.5843117464221927, 0.594951079569017, 0.5574899397050536, 0.5822757829419459, 0.5370317592218897, 0.5375068617197437, 0.5518307319689568, 0.53946100013636, 0.5144031854479748, 0.5421776163110006, 0.5461257971461871, 0.5258061042180238, 0.5067521743906563, 0.4911609926620201, 0.49488435496358896, 0.49379524499109106, 0.5092769539108453, 0.5025505903962028, 0.47899017212847916, 0.48021309425318764, 0.48964197978411755, 0.4855935405638697, 0.4941237491768447, 0.4649814590295523, 0.48454886482163884, 0.46839805783630795, 0.4652975346144573, 0.4690722414307451, 0.4753297493033817, 0.4958869013720241, 0.46060459043908064, 0.4698025505757497, 0.4516630732985622, 0.481960285893764, 0.42574317213018825, 0.47750861860175053, 0.43535270619337335, 0.44485134175412927, 0.4841962821489118, 0.49323613291249263, 0.4625622474569096, 0.4608196294576136, 0.44384569879492214, 0.45490149427506443, 0.44813065027805177, 0.4432322546736473, 0.4443387594289097], "val_loss": [0.6239747763961874, 0.6257805176960525, 0.6165156511850255, 0.5580749768082813, 0.5453669903098896, 0.5798972409258607, 0.5191637713422057, 0.7032406503154386, 0.5493580141375142, 0.510539161902602, 0.5200945677295807, 0.7243846231891263, 0.47545657811626313, 0.4907755047403356, 0.4922979454840383, 0.47658793003328387, 0.4769074086860944, 0.4919110700007408, 0.5372854618616002, 0.47126869232423846, 0.47284572515436396, 0.44899255582081377, 0.4908803855219195, 0.4487002882906186, 0.5164091160861395, 0.45626577382446615, 0.45173153858030995, 0.4566606815143298, 0.44765666607887517, 0.4436309283138603, 0.4392089234885349, 0.44044646588704917, 0.47618922495072885, 0.44802574605070133, 0.4849531897293624, 0.4438387524056178, 0.4465096301289015, 0.429243940179066, 0.46342797176812284, 0.4495270409250772, 0.4597079161033836, 0.4298388691999579, 0.42971172672446056, 0.4333112249451299, 0.460342485738057, 0.4281673437805586, 0.4119036191253252, 0.504616238417164, 0.41617437267816193, 0.41131894114196943], "train_acc": [0.5935334872979214, 0.6212471131639723, 0.6362586605080831, 0.6801385681293303, 0.6720554272517321, 0.7090069284064665, 0.6939953810623557, 0.7251732101616628, 0.7147806004618937, 0.6974595842956121, 0.7032332563510393, 0.73094688221709, 0.7147806004618937, 0.7217090069284064, 0.7274826789838337, 0.7367205542725174, 0.7575057736720554, 0.7471131639722863, 0.7482678983833718, 0.7390300230946882, 0.7193995381062356, 0.7736720554272517, 0.766743648960739, 0.7609699769053118, 0.75635103926097, 0.745958429561201, 0.75635103926097, 0.7621247113163973, 0.7678983833718245, 0.7482678983833718, 0.76905311778291, 0.7517321016166282, 0.7551963048498845, 0.7655889145496536, 0.7632794457274826, 0.7771362586605081, 0.7586605080831409, 0.7990762124711316, 0.745958429561201, 0.7840646651270208, 0.7713625866050808, 0.7575057736720554, 0.7424942263279446, 0.7748267898383372, 0.7806004618937644, 0.792147806004619, 0.7817551963048499, 0.7944572748267898, 0.7956120092378753, 0.7852193995381063], "val_acc": [0.5913978494623656, 0.6182795698924731, 0.5967741935483871, 0.7419354838709677, 0.6989247311827957, 0.6559139784946236, 0.7311827956989247, 0.6720430107526881, 0.7419354838709677, 0.7473118279569892, 0.7096774193548387, 0.6666666666666666, 0.7688172043010753, 0.7903225806451613, 0.7526881720430108, 0.7741935483870968, 0.7849462365591398, 0.7365591397849462, 0.7526881720430108, 0.7258064516129032, 0.7473118279569892, 0.8010752688172043, 0.7634408602150538, 0.7795698924731183, 0.7258064516129032, 0.7795698924731183, 0.7903225806451613, 0.7688172043010753, 0.7688172043010753, 0.7741935483870968, 0.7741935483870968, 0.7526881720430108, 0.7849462365591398, 0.8118279569892473, 0.8064516129032258, 0.7956989247311828, 0.7688172043010753, 0.7903225806451613, 0.7903225806451613, 0.7795698924731183, 0.7419354838709677, 0.8118279569892473, 0.7849462365591398, 0.8064516129032258, 0.7849462365591398, 0.7795698924731183, 0.8010752688172043, 0.7580645161290323, 0.8064516129032258, 0.7956989247311828], "train_auc": [0.6097193226629553, 0.6672196058757207, 0.6827612435467948, 0.7274791906048885, 0.7182842161479828, 0.7615078787094128, 0.7290894574722316, 0.7841648999584621, 0.7778829710907198, 0.768852529764313, 0.7741041036181106, 0.8094355704444552, 0.7744871151677968, 0.7739854239829964, 0.795514988698462, 0.8143661698305578, 0.827655591698899, 0.821244194138305, 0.8196555053864372, 0.8101476482551395, 0.8069783625447071, 0.8349112330274635, 0.8339564014176823, 0.8260372330382525, 0.8279172263490366, 0.8235071989987753, 0.8429328974554007, 0.8292146105419883, 0.8427683643249017, 0.8418971479125871, 0.84652835094647, 0.8354722640298209, 0.8204727765100635, 0.8457299606738844, 0.8421425989761184, 0.8574522719058331, 0.8364109120529957, 0.8702265162672018, 0.8315072853112374, 0.8660484536582997, 0.85655138558474, 0.8337891710227487, 0.8175894008296786, 0.8491069357457668, 0.849050293192644, 0.8617975649096685, 0.8523895065624443, 0.8656654421086134, 0.8603518311728245, 0.8609317430262229], "val_auc": [0.7371622411978009, 0.7362264592349983, 0.776816001871564, 0.786290794244941, 0.7799742659960229, 0.784185284828635, 0.8071119429173003, 0.8091004795882558, 0.8082816703708036, 0.8224353725581939, 0.808047724880103, 0.798222014270675, 0.833313837875775, 0.8446601941747572, 0.8393964206339923, 0.8404491753421454, 0.8334308106211252, 0.8450111124108084, 0.8167037080360275, 0.8486372675166686, 0.8384606386711896, 0.8519125043864779, 0.8478184582992164, 0.8558895777283894, 0.8433734939759037, 0.8527313136039303, 0.8584629781260966, 0.8444262486840566, 0.8601005965610012, 0.860334542051702, 0.8544859047841852, 0.857527196163294, 0.844543221429407, 0.8567083869458417, 0.8632588606854603, 0.849456076734121, 0.8660662065738682, 0.867001988536671, 0.8674698795180722, 0.8509767224236753, 0.8514446134050766, 0.871213007369283, 0.8620891332319569, 0.8689905252076267, 0.8588138963621477, 0.8650134518657153, 0.8730845712948883, 0.8804538542519593, 0.8691074979529769, 0.8746052169844427]}