{"train_loss": [0.49396632947285785, 0.3030870337271525, 0.2948122514588178, 0.2591234861290207, 0.24266757115756116, 0.2526057406046856, 0.22397159580270357, 0.20986065523178418, 0.1921073267146016, 0.20886950914083396, 0.21164630716946192, 0.2058311157223207, 0.1990630132926942, 0.2182457116679837, 0.21573655219537832, 0.22693228611494598, 0.23735884072874214, 0.20580758770398674, 0.19378473151982795, 0.22575934558212069, 0.2220221267148474, 0.20079810989646382, 0.21834356102051417, 0.21168079552419192, 0.2165976548029699, 0.23078965954912728, 0.20757723728723945], "val_loss": [0.3570081155787232, 0.3328957362200624, 0.3805817859147185, 0.31675347413427085, 0.30359718924568546, 0.37139545268909907, 0.32164744439945425, 0.3334410898788001, 0.30860297894606026, 0.3047034421595194, 0.3463019456273766, 0.33552742420986137, 0.34175414776289337, 0.30402222516075256, 0.3319001100076142, 0.3146385846919911, 0.30780280197179444, 0.30148400863011676, 0.2904697095835081, 0.2983646674822735, 0.3059085235800794, 0.3070422116146293, 0.2881684293670039, 0.31047085167900207, 0.32876825957529004, 0.32025857237718436, 0.3094374558297537], "train_acc": [0.74364896073903, 0.8648960739030023, 0.8660508083140878, 0.8833718244803695, 0.8856812933025404, 0.8868360277136259, 0.9053117782909931, 0.9030023094688222, 0.9237875288683602, 0.8995381062355658, 0.9099307159353349, 0.9157043879907621, 0.918013856812933, 0.9041570438799076, 0.9122401847575058, 0.9087759815242494, 0.8960739030023095, 0.9030023094688222, 0.9087759815242494, 0.9030023094688222, 0.9041570438799076, 0.9110854503464203, 0.9041570438799076, 0.9076212471131639, 0.9099307159353349, 0.9018475750577367, 0.9099307159353349], "val_acc": [0.8333333333333334, 0.8548387096774194, 0.8494623655913979, 0.8870967741935484, 0.8817204301075269, 0.8655913978494624, 0.9086021505376344, 0.8817204301075269, 0.9086021505376344, 0.8924731182795699, 0.8602150537634409, 0.8763440860215054, 0.8817204301075269, 0.8870967741935484, 0.8870967741935484, 0.8870967741935484, 0.8924731182795699, 0.8870967741935484, 0.8924731182795699, 0.8870967741935484, 0.8924731182795699, 0.8978494623655914, 0.8817204301075269, 0.8817204301075269, 0.8763440860215054, 0.8763440860215054, 0.8763440860215054], "train_auc": [0.8374655424468503, 0.9373749143618543, 0.9405603836588933, 0.9544216255873293, 0.9605228377379662, 0.9569921185933226, 0.9656017866679614, 0.970769745324292, 0.975452196382429, 0.9712606474513549, 0.9726848030727238, 0.973415761734449, 0.974710448662966, 0.9685283185792968, 0.9691001386393918, 0.9655990894035269, 0.9618822590129091, 0.972371920398332, 0.9761184206977285, 0.9657393471541164, 0.9667589131103235, 0.973882388481602, 0.9680589945677095, 0.9704460735921628, 0.9685175295215592, 0.9638971155454138, 0.9714764286061077], "val_auc": [0.9137910866768043, 0.9256053339571879, 0.9203415604164231, 0.9313369984793544, 0.9383553632003743, 0.9327406714235583, 0.9376535267282723, 0.931220025734004, 0.9369516902561703, 0.9334425078956603, 0.9330915896596093, 0.9356649900573166, 0.9337934261317113, 0.9374195812375716, 0.9327406714235583, 0.9376535267282723, 0.9381214177096735, 0.939642063399228, 0.944204000467891, 0.938940226927126, 0.9380044449643233, 0.9388232541817757, 0.9420984910515849, 0.9366007720201193, 0.9384723359457248, 0.9346122353491637, 0.9390571996724764]}