{"train_loss": [0.36456142046580914, 0.2891540319650574, 0.2698673951070829, 0.23753547232717034, 0.21533765277756137, 0.19227883042556224, 0.18862316026142717, 0.1648384175331788, 0.16344147503788814, 0.14630842463426197, 0.1456403489776096, 0.12267864221243296, 0.12100296974950407, 0.11497209262978622, 0.10762876851850402, 0.09752353143753938, 0.09502324097291374, 0.09730190970361943, 0.09615107546315005, 0.09385911307486491, 0.0937625945371222, 0.09228986546557745, 0.09634708682818338, 0.08659109588470217, 0.08856321500471667, 0.1007247214571427, 0.09861809299078388, 0.10033299976034593, 0.08712678103377701], "val_loss": [0.26075674915527547, 0.22655106483553558, 0.20967960630297125, 0.192892739216843, 0.17313479850645022, 0.16480761309375677, 0.14536946423919747, 0.1373646477279107, 0.14039912090173218, 0.12432394818874752, 0.12792488742836922, 0.11262159632193133, 0.11240599624511907, 0.10206796259623471, 0.102326385884007, 0.10343439456058724, 0.09968603628900553, 0.10010531336202749, 0.09997710406512958, 0.09965670132850853, 0.09771330288440122, 0.10138660228305868, 0.09799157100408067, 0.09842660674332503, 0.09684199412841968, 0.09890049232228454, 0.09946256337411735, 0.10125458789780535, 0.0980149224333699], "train_acc": [0.8197383609080415, 0.8676414005386687, 0.8784147749134282, 0.893035782993459, 0.9082339361292805, 0.9199692189303579, 0.9165063485956138, 0.9332435552135436, 0.9324740284724894, 0.9401692958830319, 0.9413235859946133, 0.9530588687956907, 0.9515198153135821, 0.9520969603693729, 0.9567141208156984, 0.9621008080030781, 0.9626779530588688, 0.9636398614851867, 0.9632550981146595, 0.9636398614851867, 0.9642170065409773, 0.9640246248557137, 0.9636398614851867, 0.9669103501346672, 0.9630627164293959, 0.9586379376683339, 0.9611388995767602, 0.9601769911504425, 0.9672951135051943], "val_acc": [0.8887892376681614, 0.895067264573991, 0.915695067264574, 0.9273542600896861, 0.9300448430493273, 0.9417040358744395, 0.9452914798206278, 0.9452914798206278, 0.9461883408071748, 0.9506726457399103, 0.9488789237668162, 0.957847533632287, 0.9560538116591928, 0.9623318385650225, 0.9560538116591928, 0.9560538116591928, 0.9596412556053812, 0.95695067264574, 0.9551569506726457, 0.9596412556053812, 0.9560538116591928, 0.9614349775784753, 0.9605381165919282, 0.9623318385650225, 0.9596412556053812, 0.9605381165919282, 0.9614349775784753, 0.9596412556053812, 0.9596412556053812], "train_auc": [0.9069452979842088, 0.9420374623094809, 0.9495543773711934, 0.9613376435593985, 0.9683568101691625, 0.9747163552594222, 0.9757831302208182, 0.9812986442793667, 0.9821595214906338, 0.9855848364617812, 0.9857528490258866, 0.9899847590741759, 0.9898123290674314, 0.9911231864526169, 0.9923188159696391, 0.9939822451749547, 0.9940702945401008, 0.9935953071485304, 0.993755907393631, 0.9941745162376207, 0.9941267479595907, 0.9940308370439852, 0.9937788930697362, 0.9952161342375465, 0.9949290004660027, 0.9930667114700171, 0.9931886778100026, 0.993140535172427, 0.9948628885702341], "val_auc": [0.9558363112091803, 0.9670318225901986, 0.9730136103571498, 0.9771875183066139, 0.9809481035975345, 0.9830863160909439, 0.9874245767510886, 0.9879127531194469, 0.9870698352567482, 0.9892829014599728, 0.9900639836493462, 0.9913788053347913, 0.9927261721114604, 0.9929214426588038, 0.9930418594963322, 0.9931036951696575, 0.9933640558994488, 0.9931427492791263, 0.9933738194268159, 0.9931850578977174, 0.9936309256474845, 0.9929474787317829, 0.9933282562991024, 0.9934779637187323, 0.9935560719376696, 0.993458436663998, 0.9932892021896338, 0.9930093144051082, 0.9934779637187323]}