{"train_loss": [0.5558568184150009, 0.3908666562177155, 0.3388866245333647, 0.2940933799358218, 0.310157874371108, 0.2828151812953294, 0.2616009907689436, 0.31379760578102656, 0.30205855660536274, 0.2469273356862762, 0.2784096663323065, 0.3142464681255349, 0.2823760647146036, 0.2445969686221856, 0.2604010885637297, 0.2260393918799473, 0.1959960965168669, 0.16006185496376513, 0.14468348934799088, 0.11312279469972394, 0.10100650801119022, 0.08466813463812337, 0.07385663023997124, 0.07247976000328263, 0.05439423357607586, 0.06006343500994094, 0.04459283472518447, 0.04246255070590532, 0.04841056485030172, 0.035098888891949113, 0.027185380124372986, 0.030529062558469895, 0.02947682538016013, 0.020963696423083475, 0.0260183092800354, 0.025095277222832685, 0.020323731263832773, 0.022434701355858157, 0.030051506986931896, 0.02246657036262076], "val_loss": [0.43570466708111505, 0.35669687294190927, 0.3860551647601589, 0.4316737674256807, 0.3163809008816237, 0.33768533442610055, 0.3380160338135176, 0.4160412420188227, 0.3811178351602247, 0.31574597249748887, 0.30366915913038356, 0.31301351003749395, 0.30892276795961526, 0.3197257427438613, 0.3077075103277801, 0.2965015456561119, 0.2839012069086875, 0.2837698087897352, 0.2972102239727974, 0.2822258376306103, 0.31673298487740176, 0.2948798091821773, 0.2950992910291559, 0.28198874012757374, 0.28272425791909617, 0.2822663006923532, 0.29217353751582487, 0.29627328494223215, 0.3054412903804933, 0.32470329378240853, 0.3042921413497258, 0.2953130680546966, 0.3301836848258972, 0.3327044013847587, 0.299218560418775, 0.307252311898816, 0.30985974007716743, 0.31560415293901195, 0.3042332645385496, 0.3320147554560374], "train_acc": [0.674364896073903, 0.8083140877598153, 0.8441108545034642, 0.8683602771362586, 0.8695150115473441, 0.8752886836027713, 0.8764434180138568, 0.8648960739030023, 0.8660508083140878, 0.8960739030023095, 0.8810623556581986, 0.8556581986143187, 0.8729792147806005, 0.8914549653579676, 0.8775981524249422, 0.8960739030023095, 0.9157043879907621, 0.941108545034642, 0.953810623556582, 0.9584295612009238, 0.9676674364896074, 0.9699769053117783, 0.9815242494226328, 0.976905311778291, 0.9896073903002309, 0.9849884526558892, 0.9872979214780601, 0.9896073903002309, 0.9849884526558892, 0.9896073903002309, 0.9965357967667436, 0.9919168591224018, 0.9976905311778291, 0.9976905311778291, 0.9965357967667436, 0.9953810623556582, 0.9976905311778291, 0.9953810623556582, 0.9919168591224018, 0.9942263279445728], "val_acc": [0.8010752688172043, 0.8494623655913979, 0.8333333333333334, 0.8494623655913979, 0.8655913978494624, 0.8440860215053764, 0.8870967741935484, 0.8440860215053764, 0.8763440860215054, 0.8870967741935484, 0.8870967741935484, 0.8817204301075269, 0.8763440860215054, 0.8924731182795699, 0.8870967741935484, 0.8924731182795699, 0.9032258064516129, 0.9032258064516129, 0.9086021505376344, 0.9086021505376344, 0.8978494623655914, 0.9086021505376344, 0.9139784946236559, 0.9139784946236559, 0.9086021505376344, 0.9086021505376344, 0.9032258064516129, 0.9086021505376344, 0.9032258064516129, 0.8978494623655914, 0.9086021505376344, 0.9032258064516129, 0.9032258064516129, 0.9032258064516129, 0.9032258064516129, 0.8978494623655914, 0.9032258064516129, 0.9193548387096774, 0.9032258064516129, 0.9139784946236559], "train_auc": [0.7505300124613618, 0.8922281022586892, 0.9212965210683326, 0.941472059037724, 0.9339035350347678, 0.9452778991546773, 0.9537257313632514, 0.9339197186213741, 0.9371672250004045, 0.9589260571927951, 0.9481019350175052, 0.9339736639100624, 0.9499441666262077, 0.9594061702621203, 0.9541680827304947, 0.9660225599197293, 0.9743355289065829, 0.9835224115701856, 0.9864651270681276, 0.9928792218931559, 0.9956897714338119, 0.9969089349581655, 0.9975212139847766, 0.9978206103369963, 0.9993958127666921, 0.9984733483301236, 0.9993418674780039, 0.9996439610946578, 0.999231279636193, 0.9997626407297718, 0.9999676328267871, 0.9997680352586408, 0.9993661428579135, 0.999935265653574, 0.9999244765958365, 0.9998705313071483, 0.9999784218845248, 0.99990829300923, 0.9996493556235265, 0.9998111914895912], "val_auc": [0.906304830974383, 0.9231489063048309, 0.9258392794478886, 0.9253713884664874, 0.9299333255351503, 0.9293484618083986, 0.9278278161188444, 0.9289975435723477, 0.928061761609545, 0.9301672710258511, 0.9330915896596093, 0.9301672710258511, 0.9282957071002457, 0.928763598081647, 0.9322727804421569, 0.9369516902561703, 0.9409287635980816, 0.9404608726166803, 0.941396654579483, 0.943151245759738, 0.9445549187039419, 0.943502163995789, 0.9451397824306937, 0.947713182828401, 0.9497017194993567, 0.9500526377354078, 0.9492338285179553, 0.9500526377354077, 0.9497017194993567, 0.948765937536554, 0.9509884196982104, 0.9506375014621593, 0.9495847467540063, 0.95087144695286, 0.9514563106796117, 0.9514563106796117, 0.949116855772605, 0.9512223651889109, 0.9530939291145164, 0.9516902561703124]}