{"train_loss": [0.3956436231738102, 0.3289958817677206, 0.3175248335351757, 0.2978183311561109, 0.3019682820047861, 0.3003282473809951, 0.286261117340235, 0.290279220140361, 0.25849858196986186, 0.2639818404811582, 0.2543795983055868, 0.2374969502741119, 0.2358559097474059, 0.23081784630885901, 0.22862881555631556, 0.18459079984508142, 0.13963298763321563, 0.10938612746935525, 0.09096757707119034, 0.07140302819190185, 0.06804949517041824, 0.05071943730156024, 0.04233350014687086, 0.04247294359443771, 0.03132181245763401, 0.024620824693779204, 0.02818916062922971, 0.018127208252743075, 0.01791156478826044, 0.01616184529705061, 0.014341347395052195, 0.01315867059352396, 0.014765634082229797, 0.009693336452792136, 0.008910351604246632, 0.00707739376255921, 0.004553280994113321, 0.006418318097719191], "val_loss": [0.29069552426915535, 0.3003197804160182, 0.26499665628099656, 0.2639509266267443, 0.286354066411476, 0.26561032092624715, 0.24633428141675187, 0.23872781398585025, 0.2307174520909519, 0.24720822995019065, 0.2773623995984082, 0.2175265204478807, 0.2168820143013257, 0.2009599239836894, 0.19139949339922233, 0.15829759924401082, 0.13615757250999655, 0.12694368399846714, 0.11426948771348448, 0.11039098708351631, 0.10063213633181269, 0.09810620609153012, 0.09668812028763006, 0.0903906483620806, 0.09210448809669691, 0.08224695151830468, 0.08892778533723857, 0.08681503819644183, 0.08825799008923262, 0.07160824739411807, 0.08934157980530785, 0.08853016910999345, 0.08930827359347333, 0.08274735595212389, 0.08743241874359113, 0.09166334302837004, 0.08775010781504648, 0.0845969915557068], "train_acc": [0.8108888033859176, 0.8474413235859947, 0.8559061177375914, 0.8676414005386687, 0.8647556752597153, 0.8634090034628703, 0.8668718737976144, 0.8628318584070797, 0.8809157368218545, 0.8832243170450174, 0.8851481338976529, 0.8936129280492497, 0.8959215082724125, 0.8984224701808388, 0.9024624855713737, 0.922085417468257, 0.9445940746440938, 0.9545979222777992, 0.9630627164293959, 0.972297037322047, 0.9713351288957291, 0.9817237398999615, 0.9842247018083878, 0.9844170834936514, 0.989419007310504, 0.9924971142747211, 0.9896113889957676, 0.9946133128126202, 0.9944209311273566, 0.9946133128126202, 0.995575221238938, 0.9967295113505195, 0.9946133128126202, 0.9959599846094652, 0.9967295113505195, 0.9978838014621008, 0.9984609465178915, 0.9986533282031551], "val_acc": [0.8717488789237668, 0.863677130044843, 0.8807174887892377, 0.8771300448430494, 0.8663677130044843, 0.8789237668161435, 0.8887892376681614, 0.8932735426008969, 0.895067264573991, 0.8780269058295964, 0.8618834080717489, 0.9031390134529148, 0.9076233183856502, 0.9219730941704036, 0.9165919282511211, 0.9318385650224216, 0.9443946188340807, 0.947085201793722, 0.9515695067264573, 0.9551569506726457, 0.9596412556053812, 0.9623318385650225, 0.9659192825112107, 0.967713004484305, 0.9713004484304932, 0.9713004484304932, 0.9721973094170404, 0.9695067264573991, 0.9695067264573991, 0.9775784753363229, 0.968609865470852, 0.9713004484304932, 0.9704035874439462, 0.9766816143497757, 0.9748878923766816, 0.9748878923766816, 0.9757847533632287, 0.9775784753363229], "train_auc": [0.8891359661890438, 0.9253402029807405, 0.9301919775647822, 0.9385574159727537, 0.9365888088657924, 0.9374481137669674, 0.9430286915145568, 0.9420381361566632, 0.9537984915406723, 0.9523701601300496, 0.9555968399262541, 0.9613603297478673, 0.9618387612472581, 0.9633725123059469, 0.9643721271648463, 0.9763532049369937, 0.9868423101757513, 0.9922916374666222, 0.9945859373783331, 0.9970441318991469, 0.9970078938951241, 0.9985545229221847, 0.9990879852747919, 0.9988787182887516, 0.9993544543994135, 0.9996575358876035, 0.9995221674758822, 0.9998374530852616, 0.9997721647804936, 0.9998681505680083, 0.999857668500729, 0.9998307894853484, 0.9997938027622343, 0.9999225824459516, 0.9999539537758801, 0.9999675804633433, 0.999993486143905, 0.999941899398509], "val_auc": [0.9431241985771286, 0.950111629662898, 0.9525199664134659, 0.9556800947713057, 0.9570665156574434, 0.9601680628510801, 0.962608944692872, 0.9645291050750815, 0.9661498506180313, 0.9687957665345337, 0.971451445978403, 0.9710055782286358, 0.974679919027813, 0.9758743238757298, 0.9770003840320763, 0.9841472860648428, 0.9873920316598648, 0.9889932501480801, 0.9908678474025764, 0.9914113504260154, 0.993032095968965, 0.9935788535015264, 0.9934291460818965, 0.9940865569246191, 0.9941093384884757, 0.9953200158820046, 0.99486438460487, 0.9951833264988642, 0.9951768174806195, 0.9963647133102914, 0.9954990138837359, 0.9956747573763449, 0.9957203205040585, 0.9959221000696465, 0.995850500868954, 0.9955787493572344, 0.9957105569766912, 0.9961027253259391]}